-- --------------------------------------------------------
-- Host:                         127.0.0.1
-- Server version:               10.4.12-MariaDB - mariadb.org binary distribution
-- Server OS:                    Win64
-- HeidiSQL Version:             10.2.0.5599
-- --------------------------------------------------------

/*!40101 SET @OLD_CHARACTER_SET_CLIENT=@@CHARACTER_SET_CLIENT */;
/*!40101 SET NAMES utf8 */;
/*!50503 SET NAMES utf8mb4 */;
/*!40014 SET @OLD_FOREIGN_KEY_CHECKS=@@FOREIGN_KEY_CHECKS, FOREIGN_KEY_CHECKS=0 */;
/*!40101 SET @OLD_SQL_MODE=@@SQL_MODE, SQL_MODE='NO_AUTO_VALUE_ON_ZERO' */;


-- Dumping database structure for pokemon
CREATE DATABASE IF NOT EXISTS `pokemon` /*!40100 DEFAULT CHARACTER SET latin1 */;
USE `pokemon`;

-- Dumping structure for view pokemon.list_pokemon
-- Creating temporary table to overcome VIEW dependency errors
CREATE TABLE `list_pokemon` (
	`#` INT(11) NOT NULL,
	`Name` VARCHAR(50) NOT NULL COLLATE 'latin1_swedish_ci',
	`Type1` VARCHAR(50) NULL COLLATE 'latin1_swedish_ci',
	`Type2` VARCHAR(50) NULL COLLATE 'latin1_swedish_ci'
) ENGINE=MyISAM;

-- Dumping structure for table pokemon.moves
CREATE TABLE IF NOT EXISTS `moves` (
  `cd_move` int(11) NOT NULL,
  `nm_move` varchar(50) NOT NULL DEFAULT '',
  `cd_type` int(11) NOT NULL,
  `nm_category` varchar(50) NOT NULL DEFAULT '',
  `nr_pwr` int(11) DEFAULT NULL,
  `nr_acc` int(11) DEFAULT NULL,
  `nr_pp` int(11) NOT NULL DEFAULT 0,
  PRIMARY KEY (`cd_move`),
  KEY `cd_type_fk` (`cd_type`),
  CONSTRAINT `cd_type_fk` FOREIGN KEY (`cd_type`) REFERENCES `types` (`cd_type`)
) ENGINE=InnoDB DEFAULT CHARSET=latin1;

-- Dumping data for table pokemon.moves: ~50 rows (approximately)
/*!40000 ALTER TABLE `moves` DISABLE KEYS */;
INSERT INTO `moves` (`cd_move`, `nm_move`, `cd_type`, `nm_category`, `nr_pwr`, `nr_acc`, `nr_pp`) VALUES
	(1, 'Confuse Ray', 15, 'Status', NULL, 100, 10),
	(2, 'Hex', 15, 'Special', 65, 100, 10),
	(3, 'Will-O-Wisp', 2, 'Status', NULL, 85, 15),
	(4, 'Fire Spin', 2, 'Special', 35, 85, 15),
	(5, 'Night Shade', 15, 'Special', NULL, 100, 15),
	(6, 'Curse', 15, 'Status', NULL, NULL, 10),
	(7, 'Shadow Ball', 15, 'Special', 80, 100, 15),
	(8, 'Inferno', 2, 'Special', 100, 50, 5),
	(9, 'Imprison', 10, 'Status', NULL, NULL, 10),
	(10, 'Pain Split', 1, 'Status', NULL, NULL, 20),
	(11, 'Overheat', 2, 'Special', 130, 90, 5),
	(12, 'Memento', 16, 'Status', NULL, 100, 10),
	(13, 'Astonish', 15, 'Physical', 30, 100, 15),
	(14, 'Smog', 7, 'Special', 30, 70, 20),
	(15, 'Ember', 2, 'Special', 40, 100, 25),
	(16, 'Minimize', 1, 'Status', NULL, NULL, 10),
	(17, 'First Impression', 13, 'Physical', 90, 100, 10),
	(18, 'Struggle Bug', 13, 'Special', 50, 100, 20),
	(19, 'Sand Attack', 9, 'Status', NULL, 100, 15),
	(20, 'Defense Curl', 1, 'Status', NULL, NULL, 40),
	(21, 'Spite', 15, 'Status', NULL, 100, 10),
	(22, 'Rock Smash', 3, 'Physical', 40, 100, 15),
	(23, 'Fury Cutter', 13, 'Physical', 40, 95, 20),
	(24, 'Mud Shot', 9, 'Special', 55, 95, 15),
	(25, 'Bug Bite', 13, 'Physical', 60, 100, 20),
	(26, 'Iron Defense', 17, 'Status', NULL, NULL, 15),
	(27, 'Sucker Punch', 16, 'Physical', 70, 100, 5),
	(28, 'Slash', 1, 'Physical', 70, 100, 20),
	(29, 'Razor Shell', 4, 'Physical', 75, 95, 10),
	(30, 'Pin Missile', 13, 'Physical', 25, 95, 20),
	(31, 'Swords Dance', 1, 'Status', NULL, NULL, 20),
	(32, 'Liquidation', 4, 'Physical', 85, 100, 10),
	(33, 'Tackle', 1, 'Physical', 40, 100, 35),
	(34, 'Growl', 1, 'Status', NULL, 100, 40),
	(35, 'Water Gun', 4, 'Special', 40, 100, 25),
	(36, 'Mud-Slap', 9, 'Special', 20, 100, 10),
	(37, 'Foresight', 1, 'Status', NULL, NULL, 40),
	(38, 'Bide', 1, 'Physical', NULL, NULL, 10),
	(39, 'Mud Sport', 9, 'Status', NULL, NULL, 15),
	(40, 'Rock Throw', 11, 'Physical', 50, 90, 15),
	(41, 'Protect', 1, 'Status', NULL, NULL, 10),
	(42, 'Whirlpool', 4, 'Special', 35, 85, 15),
	(43, 'Take Down', 1, 'Physical', 90, 85, 20),
	(44, 'Hydro Pump', 4, 'Special', 110, 80, 5),
	(45, 'Endeavor', 1, 'Physical', NULL, 100, 5),
	(46, 'Mud Bomb', 9, 'Special', 65, 85, 10),
	(47, 'Rock Slide', 11, 'Physical', 75, 90, 10),
	(48, 'Muddy Water', 4, 'Special', 90, 85, 10),
	(49, 'Earthquake', 9, 'Physical', 100, 100, 10),
	(50, 'Hammer Arm', 3, 'Physical', 100, 90, 10);
/*!40000 ALTER TABLE `moves` ENABLE KEYS */;

-- Dumping structure for table pokemon.pokemon
CREATE TABLE IF NOT EXISTS `pokemon` (
  `cd_poke` int(11) NOT NULL,
  `nm_poke` varchar(50) NOT NULL DEFAULT '',
  `cd_type1` int(11) NOT NULL DEFAULT 0,
  `cd_type2` int(11) NOT NULL DEFAULT 19,
  PRIMARY KEY (`cd_poke`),
  KEY `type1_fk` (`cd_type1`),
  KEY `type2_fk` (`cd_type2`),
  CONSTRAINT `type1_fk` FOREIGN KEY (`cd_type1`) REFERENCES `types` (`cd_type`),
  CONSTRAINT `type2_fk` FOREIGN KEY (`cd_type2`) REFERENCES `types` (`cd_type`)
) ENGINE=InnoDB DEFAULT CHARSET=latin1;

-- Dumping data for table pokemon.pokemon: ~807 rows (approximately)
/*!40000 ALTER TABLE `pokemon` DISABLE KEYS */;
INSERT INTO `pokemon` (`cd_poke`, `nm_poke`, `cd_type1`, `cd_type2`) VALUES
	(1, 'Bulbasaur', 6, 7),
	(2, 'Ivysaur', 6, 7),
	(3, 'Venusaur', 6, 7),
	(4, 'Charmander', 2, 19),
	(5, 'Charmeleon', 2, 19),
	(6, 'Charizard', 2, 5),
	(7, 'Squirtle', 4, 19),
	(8, 'Wartortle', 4, 19),
	(9, 'Blastoise', 4, 19),
	(10, 'Caterpie', 13, 19),
	(11, 'Metapod', 13, 19),
	(12, 'Butterfree', 13, 5),
	(13, 'Weedle', 13, 7),
	(14, 'Kakuna', 13, 7),
	(15, 'Beedrill', 13, 7),
	(16, 'Pidgey', 1, 5),
	(17, 'Pidgeotto', 1, 5),
	(18, 'Pidgeot', 1, 5),
	(19, 'Rattata', 1, 19),
	(20, 'Raticate', 1, 19),
	(21, 'Spearow', 1, 5),
	(22, 'Fearow', 1, 5),
	(23, 'Ekans', 7, 19),
	(24, 'Arbok', 7, 19),
	(25, 'Pikachu', 8, 19),
	(26, 'Raichu', 8, 19),
	(27, 'Sandshrew', 9, 19),
	(28, 'Sandslash', 9, 19),
	(29, 'Nidoran F', 7, 19),
	(30, 'Nidorina', 7, 19),
	(31, 'Nidoqueen', 7, 9),
	(32, 'Nidoran M', 7, 19),
	(33, 'Nidorino', 7, 19),
	(34, 'Nidoking', 7, 9),
	(35, 'Clefairy', 18, 19),
	(36, 'Clefable', 18, 19),
	(37, 'Vulpix', 2, 19),
	(38, 'Ninetales', 2, 19),
	(39, 'Jigglypuff', 1, 18),
	(40, 'Wigglytuff', 1, 18),
	(41, 'Zubat', 7, 5),
	(42, 'Golbat', 7, 5),
	(43, 'Oddish', 6, 7),
	(44, 'Gloom', 6, 7),
	(45, 'Vileplume', 6, 7),
	(46, 'Paras', 13, 6),
	(47, 'Parasect', 13, 6),
	(48, 'Venonat', 13, 7),
	(49, 'Venomoth', 13, 7),
	(50, 'Diglett', 9, 19),
	(51, 'Dugtrio', 9, 19),
	(52, 'Meowth', 1, 19),
	(53, 'Persian', 1, 19),
	(54, 'Psyduck', 4, 19),
	(55, 'Golduck', 4, 19),
	(56, 'Mankey', 3, 19),
	(57, 'Primeape', 3, 19),
	(58, 'Growlithe', 2, 19),
	(59, 'Arcanine', 2, 19),
	(60, 'Poliwag', 4, 19),
	(61, 'Poliwhirl', 4, 19),
	(62, 'Poliwrath', 4, 3),
	(63, 'Abra', 10, 19),
	(64, 'Kadabra', 10, 19),
	(65, 'Alakazam', 10, 19),
	(66, 'Machop', 3, 19),
	(67, 'Machoke', 3, 19),
	(68, 'Machamp', 3, 19),
	(69, 'Bellsprout', 6, 7),
	(70, 'Weepinbell', 6, 7),
	(71, 'Victreebel', 6, 7),
	(72, 'Tentacool', 4, 7),
	(73, 'Tentacruel', 4, 7),
	(74, 'Geodude', 11, 9),
	(75, 'Graveler', 11, 9),
	(76, 'Golem', 11, 9),
	(77, 'Ponyta', 2, 19),
	(78, 'Rapidash', 2, 19),
	(79, 'Slowpoke', 4, 10),
	(80, 'Slowbro', 4, 10),
	(81, 'Magnemite', 8, 17),
	(82, 'Magneton', 8, 17),
	(83, 'Farfetch\'d', 1, 5),
	(84, 'Doduo', 1, 5),
	(85, 'Dodrio', 1, 5),
	(86, 'Seel', 4, 19),
	(87, 'Dewgong', 4, 12),
	(88, 'Grimer', 7, 19),
	(89, 'Muk', 7, 19),
	(90, 'Shellder', 4, 19),
	(91, 'Cloyster', 4, 12),
	(92, 'Gastly', 15, 7),
	(93, 'Haunter', 15, 7),
	(94, 'Gengar', 15, 7),
	(95, 'Onix', 11, 9),
	(96, 'Drowzee', 10, 19),
	(97, 'Hypno', 10, 19),
	(98, 'Krabby', 4, 19),
	(99, 'Kingler', 4, 19),
	(100, 'Voltorb', 8, 19),
	(101, 'Electrode', 8, 19),
	(102, 'Exeggcute', 6, 10),
	(103, 'Exeggutor', 6, 10),
	(104, 'Cubone', 9, 19),
	(105, 'Marowak', 9, 19),
	(106, 'Hitmonlee', 3, 19),
	(107, 'Hitmonchan', 3, 19),
	(108, 'Lickitung', 1, 19),
	(109, 'Koffing', 7, 19),
	(110, 'Weezing', 7, 19),
	(111, 'Rhyhorn', 9, 11),
	(112, 'Rhydon', 9, 11),
	(113, 'Chansey', 1, 19),
	(114, 'Tangela', 6, 19),
	(115, 'Kangaskhan', 1, 19),
	(116, 'Horsea', 4, 19),
	(117, 'Seadra', 4, 19),
	(118, 'Goldeen', 4, 19),
	(119, 'Seaking', 4, 19),
	(120, 'Staryu', 4, 19),
	(121, 'Starmie', 4, 10),
	(122, 'Mr. Mime', 10, 18),
	(123, 'Scyther', 13, 5),
	(124, 'Jynx', 12, 10),
	(125, 'Electabuzz', 8, 19),
	(126, 'Magmar', 2, 19),
	(127, 'Pinsir', 13, 19),
	(128, 'Tauros', 1, 19),
	(129, 'Magikarp', 4, 19),
	(130, 'Gyarados', 4, 5),
	(131, 'Lapras', 4, 12),
	(132, 'Ditto', 1, 19),
	(133, 'Eevee', 1, 19),
	(134, 'Vaporeon', 4, 19),
	(135, 'Jolteon', 8, 19),
	(136, 'Flareon', 2, 19),
	(137, 'Porygon', 1, 19),
	(138, 'Omanyte', 11, 4),
	(139, 'Omastar', 11, 4),
	(140, 'Kabuto', 11, 4),
	(141, 'Kabutops', 11, 4),
	(142, 'Aerodactyl', 11, 5),
	(143, 'Snorlax', 1, 19),
	(144, 'Articuno', 12, 5),
	(145, 'Zapdos', 8, 5),
	(146, 'Moltres', 2, 5),
	(147, 'Dratini', 14, 19),
	(148, 'Dragonair', 14, 19),
	(149, 'Dragonite', 14, 5),
	(150, 'Mewtwo', 10, 19),
	(151, 'Mew', 10, 19),
	(152, 'Chikorita', 6, 19),
	(153, 'Bayleef', 6, 19),
	(154, 'Meganium', 6, 19),
	(155, 'Cyndaquil', 2, 19),
	(156, 'Quilava', 2, 19),
	(157, 'Typhlosion', 2, 19),
	(158, 'Totodile', 4, 19),
	(159, 'Croconaw', 4, 19),
	(160, 'Feraligatr', 4, 19),
	(161, 'Sentret', 1, 19),
	(162, 'Furret', 1, 19),
	(163, 'Hoothoot', 1, 5),
	(164, 'Noctowl', 1, 5),
	(165, 'Ledyba', 13, 5),
	(166, 'Ledian', 13, 5),
	(167, 'Spinarak', 13, 7),
	(168, 'Ariados', 13, 7),
	(169, 'Crobat', 7, 5),
	(170, 'Chinchou', 4, 8),
	(171, 'Lanturn', 4, 8),
	(172, 'Pichu', 8, 19),
	(173, 'Cleffa', 18, 19),
	(174, 'Igglybuff', 1, 18),
	(175, 'Togepi', 18, 19),
	(176, 'Togetic', 18, 5),
	(177, 'Natu', 10, 5),
	(178, 'Xatu', 10, 5),
	(179, 'Mareep', 8, 19),
	(180, 'Flaaffy', 8, 19),
	(181, 'Ampharos', 8, 19),
	(182, 'Bellossom', 6, 19),
	(183, 'Marill', 4, 18),
	(184, 'Azumarill', 4, 18),
	(185, 'Sudowoodo', 11, 19),
	(186, 'Politoed', 4, 19),
	(187, 'Hoppip', 6, 5),
	(188, 'Skiploom', 6, 5),
	(189, 'Jumpluff', 6, 5),
	(190, 'Aipom', 1, 19),
	(191, 'Sunkern', 6, 19),
	(192, 'Sunflora', 6, 19),
	(193, 'Yanma', 13, 5),
	(194, 'Wooper', 4, 9),
	(195, 'Quagsire', 4, 9),
	(196, 'Espeon', 10, 19),
	(197, 'Umbreon', 16, 19),
	(198, 'Murkrow', 16, 5),
	(199, 'Slowking', 4, 10),
	(200, 'Misdreavus', 15, 19),
	(201, 'Unown', 10, 19),
	(202, 'Wobbuffet', 10, 19),
	(203, 'Girafarig', 1, 10),
	(204, 'Pineco', 13, 19),
	(205, 'Forretress', 13, 17),
	(206, 'Dunsparce', 1, 19),
	(207, 'Gligar', 9, 5),
	(208, 'Steelix', 17, 9),
	(209, 'Snubbull', 18, 19),
	(210, 'Granbull', 18, 19),
	(211, 'Qwilfish', 4, 7),
	(212, 'Scizor', 13, 17),
	(213, 'Shuckle', 13, 11),
	(214, 'Heracross', 13, 3),
	(215, 'Sneasel', 16, 12),
	(216, 'Teddiursa', 1, 19),
	(217, 'Ursaring', 1, 19),
	(218, 'Slugma', 2, 19),
	(219, 'Magcargo', 2, 11),
	(220, 'Swinub', 12, 9),
	(221, 'Piloswine', 12, 9),
	(222, 'Corsola', 4, 11),
	(223, 'Remoraid', 4, 19),
	(224, 'Octillery', 4, 19),
	(225, 'Delibird', 12, 5),
	(226, 'Mantine', 4, 5),
	(227, 'Skarmory', 17, 5),
	(228, 'Houndour', 16, 2),
	(229, 'Houndoom', 16, 2),
	(230, 'Kingdra', 4, 14),
	(231, 'Phanpy', 9, 19),
	(232, 'Donphan', 9, 19),
	(233, 'Porygon2', 1, 19),
	(234, 'Stantler', 1, 19),
	(235, 'Smeargle', 1, 19),
	(236, 'Tyrogue', 3, 19),
	(237, 'Hitmontop', 3, 19),
	(238, 'Smoochum', 12, 10),
	(239, 'Elekid', 8, 19),
	(240, 'Magby', 2, 19),
	(241, 'Miltank', 1, 19),
	(242, 'Blissey', 1, 19),
	(243, 'Raikou', 8, 19),
	(244, 'Entei', 2, 19),
	(245, 'Suicune', 4, 19),
	(246, 'Larvitar', 11, 9),
	(247, 'Pupitar', 11, 9),
	(248, 'Tyranitar', 11, 16),
	(249, 'Lugia', 10, 5),
	(250, 'Ho-Oh', 2, 5),
	(251, 'Celebi', 10, 6),
	(252, 'Treecko', 6, 19),
	(253, 'Grovyle', 6, 19),
	(254, 'Sceptile', 6, 19),
	(255, 'Torchic', 2, 19),
	(256, 'Combusken', 2, 3),
	(257, 'Blaziken', 2, 3),
	(258, 'Mudkip', 4, 19),
	(259, 'Marshtomp', 4, 9),
	(260, 'Swampert', 4, 9),
	(261, 'Poochyena', 16, 19),
	(262, 'Mightyena', 16, 19),
	(263, 'Zigzagoon', 1, 19),
	(264, 'Linoone', 1, 19),
	(265, 'Wurmple', 13, 19),
	(266, 'Silcoon', 13, 19),
	(267, 'Beautifly', 13, 5),
	(268, 'Cascoon', 13, 19),
	(269, 'Dustox', 13, 7),
	(270, 'Lotad', 4, 6),
	(271, 'Lombre', 4, 6),
	(272, 'Ludicolo', 4, 6),
	(273, 'Seedot', 6, 19),
	(274, 'Nuzleaf', 6, 16),
	(275, 'Shiftry', 6, 16),
	(276, 'Taillow', 1, 5),
	(277, 'Swellow', 1, 5),
	(278, 'Wingull', 4, 5),
	(279, 'Pelipper', 4, 5),
	(280, 'Ralts', 10, 18),
	(281, 'Kirlia', 10, 18),
	(282, 'Gardevoir', 10, 18),
	(283, 'Surskit', 13, 4),
	(284, 'Masquerain', 13, 5),
	(285, 'Shroomish', 6, 19),
	(286, 'Breloom', 6, 3),
	(287, 'Slakoth', 1, 19),
	(288, 'Vigoroth', 1, 19),
	(289, 'Slaking', 1, 19),
	(290, 'Nincada', 13, 9),
	(291, 'Ninjask', 13, 5),
	(292, 'Shedinja', 13, 15),
	(293, 'Whismur', 1, 19),
	(294, 'Loudred', 1, 19),
	(295, 'Exploud', 1, 19),
	(296, 'Makuhita', 3, 19),
	(297, 'Hariyama', 3, 19),
	(298, 'Azurill', 1, 18),
	(299, 'Nosepass', 11, 19),
	(300, 'Skitty', 1, 19),
	(301, 'Delcatty', 1, 19),
	(302, 'Sableye', 16, 15),
	(303, 'Mawile', 17, 18),
	(304, 'Aron', 17, 11),
	(305, 'Lairon', 17, 11),
	(306, 'Aggron', 17, 11),
	(307, 'Meditite', 3, 10),
	(308, 'Medicham', 3, 10),
	(309, 'Electrike', 8, 19),
	(310, 'Manectric', 8, 19),
	(311, 'Plusle', 8, 19),
	(312, 'Minun', 8, 19),
	(313, 'Volbeat', 13, 19),
	(314, 'Illumise', 13, 19),
	(315, 'Roselia', 6, 7),
	(316, 'Gulpin', 7, 19),
	(317, 'Swalot', 7, 19),
	(318, 'Carvanha', 4, 16),
	(319, 'Sharpedo', 4, 16),
	(320, 'Wailmer', 4, 19),
	(321, 'Wailord', 4, 19),
	(322, 'Numel', 2, 9),
	(323, 'Camerupt', 2, 9),
	(324, 'Torkoal', 2, 19),
	(325, 'Spoink', 10, 19),
	(326, 'Grumpig', 10, 19),
	(327, 'Spinda', 1, 19),
	(328, 'Trapinch', 9, 19),
	(329, 'Vibrava', 9, 14),
	(330, 'Flygon', 9, 14),
	(331, 'Cacnea', 6, 19),
	(332, 'Cacturne', 6, 16),
	(333, 'Swablu', 1, 5),
	(334, 'Altaria', 14, 5),
	(335, 'Zangoose', 1, 19),
	(336, 'Seviper', 7, 19),
	(337, 'Lunatone', 11, 10),
	(338, 'Solrock', 11, 10),
	(339, 'Barboach', 4, 9),
	(340, 'Whiscash', 4, 9),
	(341, 'Corphish', 4, 19),
	(342, 'Crawdaunt', 4, 16),
	(343, 'Baltoy', 9, 10),
	(344, 'Claydol', 9, 10),
	(345, 'Lileep', 11, 6),
	(346, 'Cradily', 11, 6),
	(347, 'Anorith', 11, 13),
	(348, 'Armaldo', 11, 13),
	(349, 'Feebas', 4, 19),
	(350, 'Milotic', 4, 19),
	(351, 'Castform', 1, 19),
	(352, 'Kecleon', 1, 19),
	(353, 'Shuppet', 15, 19),
	(354, 'Banette', 15, 19),
	(355, 'Duskull', 15, 19),
	(356, 'Dusclops', 15, 19),
	(357, 'Tropius', 6, 5),
	(358, 'Chimecho', 10, 19),
	(359, 'Absol', 16, 19),
	(360, 'Wynaut', 10, 19),
	(361, 'Snorunt', 12, 19),
	(362, 'Glalie', 12, 19),
	(363, 'Spheal', 12, 4),
	(364, 'Sealeo', 12, 4),
	(365, 'Walrein', 12, 4),
	(366, 'Clamperl', 4, 19),
	(367, 'Huntail', 4, 19),
	(368, 'Gorebyss', 4, 19),
	(369, 'Relicanth', 4, 11),
	(370, 'Luvdisc', 4, 19),
	(371, 'Bagon', 14, 19),
	(372, 'Shelgon', 14, 19),
	(373, 'Salamence', 14, 5),
	(374, 'Beldum', 17, 10),
	(375, 'Metang', 17, 10),
	(376, 'Metagross', 17, 10),
	(377, 'Regirock', 11, 19),
	(378, 'Regice', 12, 19),
	(379, 'Registeel', 17, 19),
	(380, 'Latias', 14, 10),
	(381, 'Latios', 14, 10),
	(382, 'Kyogre', 4, 19),
	(383, 'Groudon', 9, 19),
	(384, 'Rayquaza', 14, 5),
	(385, 'Jirachi', 17, 10),
	(386, 'Deoxys', 10, 19),
	(387, 'Turtwig', 6, 19),
	(388, 'Grotle', 6, 19),
	(389, 'Torterra', 6, 9),
	(390, 'Chimchar', 2, 19),
	(391, 'Monferno', 2, 3),
	(392, 'Infernape', 2, 3),
	(393, 'Piplup', 4, 19),
	(394, 'Prinplup', 4, 19),
	(395, 'Empoleon', 4, 17),
	(396, 'Starly', 1, 5),
	(397, 'Staravia', 1, 5),
	(398, 'Staraptor', 1, 5),
	(399, 'Bidoof', 1, 19),
	(400, 'Bibarel', 1, 4),
	(401, 'Kricketot', 13, 19),
	(402, 'Kricketune', 13, 19),
	(403, 'Shinx', 8, 19),
	(404, 'Luxio', 8, 19),
	(405, 'Luxray', 8, 19),
	(406, 'Budew', 6, 7),
	(407, 'Roserade', 6, 7),
	(408, 'Cranidos', 11, 19),
	(409, 'Rampardos', 11, 19),
	(410, 'Shieldon', 11, 17),
	(411, 'Bastiodon', 11, 17),
	(412, 'Burmy', 13, 19),
	(413, 'Wormadam', 13, 17),
	(414, 'Mothim', 13, 5),
	(415, 'Combee', 13, 5),
	(416, 'Vespiquen', 13, 5),
	(417, 'Pachirisu', 8, 19),
	(418, 'Buizel', 4, 19),
	(419, 'Floatzel', 4, 19),
	(420, 'Cherubi', 6, 19),
	(421, 'Cherrim', 6, 19),
	(422, 'Shellos', 4, 19),
	(423, 'Gastrodon', 4, 9),
	(424, 'Ambipom', 1, 19),
	(425, 'Drifloon', 15, 5),
	(426, 'Drifblim', 15, 5),
	(427, 'Buneary', 1, 19),
	(428, 'Lopunny', 1, 19),
	(429, 'Mismagius', 15, 19),
	(430, 'Honchkrow', 16, 5),
	(431, 'Glameow', 1, 19),
	(432, 'Purugly', 1, 19),
	(433, 'Chingling', 10, 19),
	(434, 'Stunky', 7, 16),
	(435, 'Skuntank', 7, 16),
	(436, 'Bronzor', 17, 10),
	(437, 'Bronzong', 17, 10),
	(438, 'Bonsly', 11, 19),
	(439, 'Mime Jr.', 10, 18),
	(440, 'Happiny', 1, 19),
	(441, 'Chatot', 1, 5),
	(442, 'Spiritomb', 15, 16),
	(443, 'Gible', 14, 9),
	(444, 'Gabite', 14, 9),
	(445, 'Garchomp', 14, 9),
	(446, 'Munchlax', 1, 19),
	(447, 'Riolu', 3, 19),
	(448, 'Lucario', 3, 17),
	(449, 'Hippopotas', 9, 19),
	(450, 'Hippowdon', 9, 19),
	(451, 'Skorupi', 7, 13),
	(452, 'Drapion', 7, 16),
	(453, 'Croagunk', 7, 3),
	(454, 'Toxicroak', 7, 3),
	(455, 'Carnivine', 6, 19),
	(456, 'Finneon', 4, 19),
	(457, 'Lumineon', 4, 19),
	(458, 'Mantyke', 4, 5),
	(459, 'Snover', 6, 12),
	(460, 'Abomasnow', 6, 12),
	(461, 'Weavile', 16, 12),
	(462, 'Magnezone', 8, 17),
	(463, 'Lickilicky', 1, 19),
	(464, 'Rhyperior', 9, 11),
	(465, 'Tangrowth', 6, 19),
	(466, 'Electivire', 8, 19),
	(467, 'Magmortar', 2, 19),
	(468, 'Togekiss', 18, 5),
	(469, 'Yanmega', 13, 5),
	(470, 'Leafeon', 6, 19),
	(471, 'Glaceon', 12, 19),
	(472, 'Gliscor', 9, 5),
	(473, 'Mamoswine', 12, 9),
	(474, 'Porygon-Z', 1, 19),
	(475, 'Gallade', 10, 3),
	(476, 'Probopass', 11, 17),
	(477, 'Dusknoir', 15, 19),
	(478, 'Froslass', 12, 15),
	(479, 'Rotom', 8, 15),
	(480, 'Uxie', 10, 19),
	(481, 'Mesprit', 10, 19),
	(482, 'Azelf', 10, 19),
	(483, 'Dialga', 17, 14),
	(484, 'Palkia', 4, 14),
	(485, 'Heatran', 2, 17),
	(486, 'Regigigas', 1, 19),
	(487, 'Giratina', 15, 14),
	(488, 'Cresselia', 10, 19),
	(489, 'Phione', 4, 19),
	(490, 'Manaphy', 4, 19),
	(491, 'Darkrai', 16, 19),
	(492, 'Shaymin', 6, 5),
	(493, 'Arceus', 1, 19),
	(494, 'Victini', 10, 2),
	(495, 'Snivy', 6, 19),
	(496, 'Servine', 6, 19),
	(497, 'Serperior', 6, 19),
	(498, 'Tepig', 2, 19),
	(499, 'Pignite', 2, 3),
	(500, 'Emboar', 2, 3),
	(501, 'Oshawott', 4, 19),
	(502, 'Dewott', 4, 19),
	(503, 'Samurott', 4, 19),
	(504, 'Patrat', 1, 19),
	(505, 'Watchog', 1, 19),
	(506, 'Lillipup', 1, 19),
	(507, 'Herdier', 1, 19),
	(508, 'Stoutland', 1, 19),
	(509, 'Purrloin', 16, 19),
	(510, 'Liepard', 16, 19),
	(511, 'Pansage', 6, 19),
	(512, 'Simisage', 6, 19),
	(513, 'Pansear', 2, 19),
	(514, 'Simisear', 2, 19),
	(515, 'Panpour', 4, 19),
	(516, 'Simipour', 4, 19),
	(517, 'Munna', 10, 19),
	(518, 'Musharna', 10, 19),
	(519, 'Pidove', 1, 5),
	(520, 'Tranquill', 1, 5),
	(521, 'Unfezant', 1, 5),
	(522, 'Blitzle', 8, 19),
	(523, 'Zebstrika', 8, 19),
	(524, 'Roggenrola', 11, 19),
	(525, 'Boldore', 11, 19),
	(526, 'Gigalith', 11, 19),
	(527, 'Woobat', 10, 5),
	(528, 'Swoobat', 10, 5),
	(529, 'Drilbur', 9, 19),
	(530, 'Excadrill', 9, 17),
	(531, 'Audino', 1, 19),
	(532, 'Timburr', 3, 19),
	(533, 'Gurdurr', 3, 19),
	(534, 'Conkeldurr', 3, 19),
	(535, 'Tympole', 4, 19),
	(536, 'Palpitoad', 4, 9),
	(537, 'Seismitoad', 4, 9),
	(538, 'Throh', 3, 19),
	(539, 'Sawk', 3, 19),
	(540, 'Sewaddle', 13, 6),
	(541, 'Swadloon', 13, 6),
	(542, 'Leavanny', 13, 6),
	(543, 'Venipede', 13, 7),
	(544, 'Whirlipede', 13, 7),
	(545, 'Scolipede', 13, 7),
	(546, 'Cottonee', 6, 19),
	(547, 'Whimsicott', 6, 18),
	(548, 'Petilil', 6, 19),
	(549, 'Lilligant', 6, 19),
	(550, 'Basculin', 4, 19),
	(551, 'Sandile', 9, 16),
	(552, 'Krokorok', 9, 16),
	(553, 'Krookodile', 9, 16),
	(554, 'Darumaka', 2, 19),
	(555, 'Darmanitan', 2, 19),
	(556, 'Maractus', 6, 19),
	(557, 'Dwebble', 13, 11),
	(558, 'Crustle', 13, 11),
	(559, 'Scraggy', 16, 3),
	(560, 'Scrafty', 16, 3),
	(561, 'Sigilyph', 10, 5),
	(562, 'Yamask', 15, 19),
	(563, 'Cofagrigus', 15, 19),
	(564, 'Tirtouga', 4, 11),
	(565, 'Carracosta', 4, 11),
	(566, 'Archen', 11, 5),
	(567, 'Archeops', 11, 5),
	(568, 'Trubbish', 7, 19),
	(569, 'Garbodor', 7, 19),
	(570, 'Zorua', 16, 19),
	(571, 'Zoroark', 16, 19),
	(572, 'Minccino', 1, 19),
	(573, 'Cinccino', 1, 19),
	(574, 'Gothita', 10, 19),
	(575, 'Gothorita', 10, 19),
	(576, 'Gothitelle', 10, 19),
	(577, 'Solosis', 10, 19),
	(578, 'Duosion', 10, 19),
	(579, 'Reuniclus', 10, 19),
	(580, 'Ducklett', 4, 5),
	(581, 'Swanna', 4, 5),
	(582, 'Vanillite', 12, 19),
	(583, 'Vanillish', 12, 19),
	(584, 'Vanilluxe', 12, 19),
	(585, 'Deerling', 1, 6),
	(586, 'Sawsbuck', 1, 6),
	(587, 'Emolga', 8, 5),
	(588, 'Karrablast', 13, 19),
	(589, 'Escavalier', 13, 17),
	(590, 'Foongus', 6, 7),
	(591, 'Amoonguss', 6, 7),
	(592, 'Frillish', 4, 15),
	(593, 'Jellicent', 4, 15),
	(594, 'Alomomola', 4, 19),
	(595, 'Joltik', 13, 8),
	(596, 'Galvantula', 13, 8),
	(597, 'Ferroseed', 6, 17),
	(598, 'Ferrothorn', 6, 17),
	(599, 'Klink', 17, 19),
	(600, 'Klang', 17, 19),
	(601, 'Klinklang', 17, 19),
	(602, 'Tynamo', 8, 19),
	(603, 'Eelektrik', 8, 19),
	(604, 'Eelektross', 8, 19),
	(605, 'Elgyem', 10, 19),
	(606, 'Beheeyem', 10, 19),
	(607, 'Litwick', 15, 2),
	(608, 'Lampent', 15, 2),
	(609, 'Chandelure', 15, 2),
	(610, 'Axew', 14, 19),
	(611, 'Fraxure', 14, 19),
	(612, 'Haxorus', 14, 19),
	(613, 'Cubchoo', 12, 19),
	(614, 'Beartic', 12, 19),
	(615, 'Cryogonal', 12, 19),
	(616, 'Shelmet', 13, 19),
	(617, 'Accelgor', 13, 19),
	(618, 'Stunfisk', 9, 8),
	(619, 'Mienfoo', 3, 19),
	(620, 'Mienshao', 3, 19),
	(621, 'Druddigon', 14, 19),
	(622, 'Golett', 9, 15),
	(623, 'Golurk', 9, 15),
	(624, 'Pawniard', 16, 17),
	(625, 'Bisharp', 16, 17),
	(626, 'Bouffalant', 1, 19),
	(627, 'Rufflet', 1, 5),
	(628, 'Braviary', 1, 5),
	(629, 'Vullaby', 16, 5),
	(630, 'Mandibuzz', 16, 5),
	(631, 'Heatmor', 2, 19),
	(632, 'Durant', 13, 17),
	(633, 'Deino', 16, 14),
	(634, 'Zweilous', 16, 14),
	(635, 'Hydreigon', 16, 14),
	(636, 'Larvesta', 13, 2),
	(637, 'Volcarona', 13, 2),
	(638, 'Cobalion', 17, 3),
	(639, 'Terrakion', 11, 3),
	(640, 'Virizion', 6, 3),
	(641, 'Tornadus', 5, 19),
	(642, 'Thundurus', 8, 5),
	(643, 'Reshiram', 14, 2),
	(644, 'Zekrom', 14, 8),
	(645, 'Landorus', 9, 5),
	(646, 'Kyurem', 14, 12),
	(647, 'Keldeo', 4, 3),
	(648, 'Meloetta', 1, 10),
	(649, 'Genesect', 13, 17),
	(650, 'Chespin', 6, 19),
	(651, 'Quilladin', 6, 19),
	(652, 'Chesnaught', 6, 3),
	(653, 'Fennekin', 2, 19),
	(654, 'Braixen', 2, 19),
	(655, 'Delphox', 2, 10),
	(656, 'Froakie', 4, 19),
	(657, 'Frogadier', 4, 19),
	(658, 'Greninja', 4, 16),
	(659, 'Bunnelby', 1, 19),
	(660, 'Diggersby', 1, 9),
	(661, 'Fletchling', 1, 5),
	(662, 'Fletchinder', 2, 5),
	(663, 'Talonflame', 2, 5),
	(664, 'Scatterbug', 13, 19),
	(665, 'Spewpa', 13, 19),
	(666, 'Vivillon', 13, 5),
	(667, 'Litleo', 2, 1),
	(668, 'Pyroar', 2, 1),
	(669, 'Flabébé', 18, 19),
	(670, 'Floette', 18, 19),
	(671, 'Florges', 18, 19),
	(672, 'Skiddo', 6, 19),
	(673, 'Gogoat', 6, 19),
	(674, 'Pancham', 3, 19),
	(675, 'Pangoro', 3, 16),
	(676, 'Furfrou', 1, 19),
	(677, 'Espurr', 10, 19),
	(678, 'Meowstic', 10, 19),
	(679, 'Honedge', 17, 15),
	(680, 'Doublade', 17, 15),
	(681, 'Aegislash', 17, 15),
	(682, 'Spritzee', 18, 19),
	(683, 'Aromatisse', 18, 19),
	(684, 'Swirlix', 18, 19),
	(685, 'Slurpuff', 18, 19),
	(686, 'Inkay', 16, 10),
	(687, 'Malamar', 16, 10),
	(688, 'Binacle', 11, 4),
	(689, 'Barbaracle', 11, 4),
	(690, 'Skrelp', 7, 4),
	(691, 'Dragalge', 7, 14),
	(692, 'Clauncher', 4, 19),
	(693, 'Clawitzer', 4, 19),
	(694, 'Helioptile', 8, 1),
	(695, 'Heliolisk', 8, 1),
	(696, 'Tyrunt', 11, 14),
	(697, 'Tyrantrum', 11, 14),
	(698, 'Amaura', 11, 12),
	(699, 'Aurorus', 11, 12),
	(700, 'Sylveon', 18, 19),
	(701, 'Hawlucha', 3, 5),
	(702, 'Dedenne', 8, 18),
	(703, 'Carbink', 11, 18),
	(704, 'Goomy', 14, 19),
	(705, 'Sliggoo', 14, 19),
	(706, 'Goodra', 14, 19),
	(707, 'Klefki', 17, 18),
	(708, 'Phantump', 15, 6),
	(709, 'Trevenant', 15, 6),
	(710, 'Pumpkaboo', 15, 6),
	(711, 'Gourgeist', 15, 6),
	(712, 'Bergmite', 12, 19),
	(713, 'Avalugg', 12, 19),
	(714, 'Noibat', 5, 14),
	(715, 'Noivern', 5, 14),
	(716, 'Xerneas', 18, 19),
	(717, 'Yveltal', 16, 5),
	(718, 'Zygarde', 14, 9),
	(719, 'Diancie', 11, 18),
	(722, 'Rowlet', 6, 5),
	(723, 'Dartrix', 6, 5),
	(724, 'Decidueye', 6, 15),
	(725, 'Litten', 2, 19),
	(726, 'Torracat', 2, 19),
	(727, 'Incineroar', 2, 16),
	(728, 'Popplio', 4, 19),
	(729, 'Brionne', 4, 19),
	(730, 'Primarina', 4, 18),
	(731, 'Pikipek', 1, 5),
	(732, 'Trumbeak', 1, 5),
	(733, 'Toucannon', 1, 5),
	(734, 'Yungoos', 1, 19),
	(735, 'Gumshoos', 1, 19),
	(736, 'Grubbin', 13, 19),
	(737, 'Charjabug', 13, 8),
	(738, 'Vikavolt', 13, 8),
	(739, 'Crabrawler', 3, 19),
	(740, 'Crabominable', 3, 12),
	(741, 'Oricorio', 2, 5),
	(742, 'Cutiefly', 13, 18),
	(743, 'Ribombee', 13, 18),
	(744, 'Rockruff', 11, 19),
	(745, 'Lycanroc', 11, 19),
	(746, 'Wishiwashi', 4, 19),
	(747, 'Mareanie', 7, 4),
	(748, 'Toxapex', 7, 4),
	(749, 'Mudbray', 9, 19),
	(750, 'Mudsdale', 9, 19),
	(751, 'Dewpider', 4, 13),
	(752, 'Araquanid', 4, 13),
	(753, 'Fomantis', 6, 19),
	(754, 'Lurantis', 6, 19),
	(755, 'Morelull', 6, 18),
	(756, 'Shiinotic', 6, 18),
	(757, 'Salandit', 7, 2),
	(758, 'Salazzle', 7, 2),
	(759, 'Stufful', 1, 3),
	(760, 'Bewear', 1, 3),
	(761, 'Bounsweet', 6, 19),
	(762, 'Steenee', 6, 19),
	(763, 'Tsareena', 6, 19),
	(764, 'Comfey', 18, 19),
	(765, 'Oranguru', 1, 10),
	(766, 'Passimian', 3, 19),
	(767, 'Wimpod', 13, 4),
	(768, 'Golisopod', 13, 4),
	(769, 'Sandygast', 15, 9),
	(770, 'Palossand', 15, 9),
	(771, 'Pyukumuku', 4, 19),
	(772, 'Type: Null', 1, 19),
	(773, 'Silvally', 1, 19),
	(774, 'Minior', 11, 5),
	(775, 'Komala', 1, 19),
	(776, 'Turtonator', 2, 14),
	(777, 'Togedemaru', 8, 17),
	(778, 'Mimikyu', 15, 18),
	(779, 'Bruxish', 4, 10),
	(780, 'Drampa', 1, 14),
	(781, 'Dhelmise', 15, 6),
	(782, 'Jangmo-o', 14, 19),
	(783, 'Hakamo-o', 14, 3),
	(784, 'Kommo-o', 14, 3),
	(785, 'Tapu Koko', 8, 18),
	(786, 'Tapu Lele', 10, 18),
	(787, 'Tapu Bulu', 6, 18),
	(788, 'Tapu Fini', 4, 18),
	(789, 'Cosmog', 10, 19),
	(790, 'Cosmoem', 10, 19),
	(791, 'Solgaleo', 10, 17),
	(792, 'Lunala', 10, 15),
	(793, 'Nihilego', 11, 7),
	(794, 'Buzzwole', 13, 3),
	(795, 'Pheromosa', 13, 3),
	(796, 'Xurkitree', 8, 19),
	(797, 'Celesteela', 17, 5),
	(798, 'Kartana', 6, 17),
	(799, 'Guzzlord', 16, 14),
	(800, 'Necrozma', 10, 19),
	(801, 'Magearna', 17, 18),
	(802, 'Marshadow', 3, 15),
	(803, 'Poipole', 7, 19),
	(804, 'Naganadel', 7, 14),
	(805, 'Stakataka', 11, 17),
	(806, 'Blacephalon', 2, 15),
	(807, 'Zeraora', 8, 19),
	(808, 'Meltan', 17, 19),
	(809, 'Melmetal', 17, 19);
/*!40000 ALTER TABLE `pokemon` ENABLE KEYS */;

-- Dumping structure for table pokemon.pokemon_moves
CREATE TABLE IF NOT EXISTS `pokemon_moves` (
  `cd_poke` int(11) NOT NULL,
  `cd_move` int(11) NOT NULL,
  KEY `cd_poke_fk` (`cd_poke`),
  KEY `cd_move_fk` (`cd_move`),
  CONSTRAINT `cd_move_fk` FOREIGN KEY (`cd_move`) REFERENCES `moves` (`cd_move`),
  CONSTRAINT `cd_poke_fk` FOREIGN KEY (`cd_poke`) REFERENCES `pokemon` (`cd_poke`)
) ENGINE=InnoDB DEFAULT CHARSET=latin1;

-- Dumping data for table pokemon.pokemon_moves: ~109 rows (approximately)
/*!40000 ALTER TABLE `pokemon_moves` DISABLE KEYS */;
INSERT INTO `pokemon_moves` (`cd_poke`, `cd_move`) VALUES
	(609, 1),
	(609, 2),
	(609, 3),
	(609, 4),
	(609, 5),
	(609, 6),
	(609, 7),
	(609, 8),
	(609, 9),
	(609, 10),
	(609, 11),
	(609, 12),
	(609, 13),
	(609, 14),
	(609, 15),
	(609, 16),
	(768, 17),
	(768, 18),
	(768, 19),
	(768, 20),
	(768, 21),
	(768, 22),
	(768, 23),
	(768, 24),
	(768, 25),
	(768, 26),
	(768, 27),
	(768, 28),
	(768, 29),
	(768, 30),
	(768, 31),
	(768, 32),
	(258, 33),
	(258, 34),
	(258, 35),
	(258, 36),
	(258, 37),
	(258, 38),
	(258, 39),
	(258, 40),
	(258, 41),
	(258, 42),
	(258, 43),
	(258, 44),
	(258, 45),
	(259, 46),
	(259, 47),
	(259, 48),
	(259, 49),
	(608, 1),
	(608, 2),
	(608, 3),
	(608, 4),
	(608, 5),
	(608, 6),
	(608, 7),
	(608, 8),
	(608, 9),
	(608, 10),
	(608, 11),
	(608, 12),
	(608, 13),
	(608, 14),
	(608, 15),
	(608, 16),
	(767, 18),
	(767, 19),
	(767, 20),
	(259, 24),
	(259, 33),
	(259, 34),
	(259, 35),
	(259, 36),
	(259, 37),
	(259, 38),
	(259, 41),
	(259, 43),
	(259, 45),
	(607, 1),
	(607, 2),
	(607, 3),
	(607, 4),
	(607, 5),
	(607, 6),
	(607, 7),
	(607, 8),
	(607, 9),
	(607, 10),
	(607, 11),
	(607, 12),
	(607, 13),
	(607, 14),
	(607, 15),
	(607, 16),
	(260, 24),
	(260, 33),
	(260, 34),
	(260, 35),
	(260, 36),
	(260, 37),
	(260, 38),
	(260, 41),
	(260, 43),
	(260, 45),
	(260, 46),
	(260, 47),
	(260, 48),
	(260, 49),
	(260, 50);
/*!40000 ALTER TABLE `pokemon_moves` ENABLE KEYS */;

-- Dumping structure for table pokemon.types
CREATE TABLE IF NOT EXISTS `types` (
  `cd_type` int(11) NOT NULL AUTO_INCREMENT,
  `nm_type` varchar(50) NOT NULL DEFAULT '',
  PRIMARY KEY (`cd_type`)
) ENGINE=InnoDB AUTO_INCREMENT=20 DEFAULT CHARSET=latin1;

-- Dumping data for table pokemon.types: ~19 rows (approximately)
/*!40000 ALTER TABLE `types` DISABLE KEYS */;
INSERT INTO `types` (`cd_type`, `nm_type`) VALUES
	(1, 'Normal'),
	(2, 'Fire'),
	(3, 'Fighting'),
	(4, 'Water'),
	(5, 'Flying'),
	(6, 'Grass'),
	(7, 'Poison'),
	(8, 'Electric'),
	(9, 'Ground'),
	(10, 'Psychic'),
	(11, 'Rock'),
	(12, 'Ice'),
	(13, 'Bug'),
	(14, 'Dragon'),
	(15, 'Ghost'),
	(16, 'Dark'),
	(17, 'Steel'),
	(18, 'Fairy'),
	(19, '(???)');
/*!40000 ALTER TABLE `types` ENABLE KEYS */;

-- Dumping structure for table pokemon.type_effectiveness
CREATE TABLE IF NOT EXISTS `type_effectiveness` (
  `cd_atk_type` int(11) NOT NULL,
  `cd_def_type` int(11) NOT NULL,
  `nr_effectiveness` decimal(2,1) DEFAULT 1.0,
  KEY `atk_type_fk` (`cd_atk_type`),
  KEY `def_type_fk` (`cd_def_type`),
  CONSTRAINT `atk_type_fk` FOREIGN KEY (`cd_atk_type`) REFERENCES `types` (`cd_type`),
  CONSTRAINT `def_type_fk` FOREIGN KEY (`cd_def_type`) REFERENCES `types` (`cd_type`)
) ENGINE=InnoDB DEFAULT CHARSET=latin1;

-- Dumping data for table pokemon.type_effectiveness: ~361 rows (approximately)
/*!40000 ALTER TABLE `type_effectiveness` DISABLE KEYS */;
INSERT INTO `type_effectiveness` (`cd_atk_type`, `cd_def_type`, `nr_effectiveness`) VALUES
	(1, 3, 1.0),
	(1, 5, 1.0),
	(1, 2, 1.0),
	(1, 1, 1.0),
	(1, 6, 1.0),
	(1, 7, 1.0),
	(1, 8, 1.0),
	(1, 4, 1.0),
	(1, 9, 1.0),
	(1, 10, 1.0),
	(1, 11, 0.5),
	(1, 12, 1.0),
	(1, 13, 1.0),
	(1, 14, 1.0),
	(1, 15, 0.0),
	(1, 16, 1.0),
	(1, 17, 0.5),
	(1, 18, 1.0),
	(2, 1, 1.0),
	(2, 2, 0.5),
	(2, 3, 1.0),
	(2, 4, 0.5),
	(2, 5, 1.0),
	(2, 6, 2.0),
	(2, 7, 1.0),
	(2, 8, 1.0),
	(2, 9, 1.0),
	(2, 10, 1.0),
	(2, 11, 0.5),
	(2, 12, 2.0),
	(2, 13, 2.0),
	(2, 14, 0.5),
	(2, 15, 1.0),
	(2, 16, 1.0),
	(2, 17, 2.0),
	(2, 18, 1.0),
	(3, 1, 2.0),
	(3, 2, 1.0),
	(3, 3, 1.0),
	(3, 4, 1.0),
	(3, 5, 0.5),
	(3, 6, 1.0),
	(3, 7, 0.5),
	(3, 8, 1.0),
	(3, 9, 1.0),
	(3, 10, 0.5),
	(3, 11, 2.0),
	(3, 12, 2.0),
	(3, 13, 0.5),
	(3, 14, 1.0),
	(3, 15, 0.0),
	(3, 16, 2.0),
	(3, 17, 2.0),
	(3, 18, 0.5),
	(4, 1, 1.0),
	(4, 2, 2.0),
	(4, 3, 1.0),
	(4, 4, 0.5),
	(4, 5, 1.0),
	(4, 6, 0.5),
	(4, 7, 1.0),
	(4, 8, 1.0),
	(4, 9, 2.0),
	(4, 10, 1.0),
	(4, 11, 2.0),
	(4, 12, 1.0),
	(4, 13, 1.0),
	(4, 14, 0.5),
	(4, 15, 1.0),
	(4, 16, 1.0),
	(4, 17, 1.0),
	(4, 18, 1.0),
	(5, 1, 1.0),
	(5, 2, 1.0),
	(5, 3, 2.0),
	(5, 4, 1.0),
	(5, 5, 1.0),
	(5, 6, 2.0),
	(5, 7, 1.0),
	(5, 8, 0.5),
	(5, 9, 1.0),
	(5, 10, 1.0),
	(5, 11, 0.5),
	(5, 12, 1.0),
	(5, 13, 2.0),
	(5, 14, 1.0),
	(5, 15, 1.0),
	(5, 16, 1.0),
	(5, 17, 0.5),
	(5, 18, 1.0),
	(6, 1, 1.0),
	(6, 2, 0.5),
	(6, 3, 1.0),
	(6, 4, 2.0),
	(6, 5, 0.5),
	(6, 6, 0.5),
	(6, 7, 0.5),
	(6, 8, 1.0),
	(6, 9, 2.0),
	(6, 10, 1.0),
	(6, 11, 2.0),
	(6, 12, 1.0),
	(6, 13, 0.5),
	(6, 14, 0.5),
	(6, 15, 1.0),
	(6, 16, 1.0),
	(6, 17, 0.5),
	(6, 18, 1.0),
	(7, 1, 1.0),
	(7, 2, 1.0),
	(7, 3, 1.0),
	(7, 4, 1.0),
	(7, 5, 1.0),
	(7, 6, 2.0),
	(7, 7, 0.5),
	(7, 8, 1.0),
	(7, 9, 0.5),
	(7, 10, 1.0),
	(7, 11, 0.5),
	(7, 12, 1.0),
	(7, 13, 1.0),
	(7, 14, 1.0),
	(7, 15, 0.5),
	(7, 16, 1.0),
	(7, 17, 0.0),
	(7, 18, 2.0),
	(8, 1, 1.0),
	(8, 2, 1.0),
	(8, 3, 1.0),
	(8, 4, 2.0),
	(8, 5, 2.0),
	(8, 6, 0.5),
	(8, 7, 1.0),
	(8, 8, 0.5),
	(8, 9, 0.0),
	(8, 10, 1.0),
	(8, 11, 1.0),
	(8, 12, 1.0),
	(8, 13, 1.0),
	(8, 14, 0.5),
	(8, 15, 1.0),
	(8, 16, 1.0),
	(8, 17, 1.0),
	(8, 18, 1.0),
	(9, 1, 1.0),
	(9, 2, 2.0),
	(9, 3, 1.0),
	(9, 4, 1.0),
	(9, 5, 0.0),
	(9, 6, 0.5),
	(9, 7, 2.0),
	(9, 8, 2.0),
	(9, 9, 1.0),
	(9, 10, 1.0),
	(9, 11, 2.0),
	(9, 12, 1.0),
	(9, 13, 0.5),
	(9, 14, 1.0),
	(9, 15, 1.0),
	(9, 16, 1.0),
	(9, 17, 2.0),
	(9, 18, 1.0),
	(10, 1, 1.0),
	(10, 2, 1.0),
	(10, 3, 2.0),
	(10, 4, 1.0),
	(10, 5, 1.0),
	(10, 6, 1.0),
	(10, 7, 2.0),
	(10, 8, 1.0),
	(10, 9, 1.0),
	(10, 10, 0.5),
	(10, 11, 1.0),
	(10, 12, 1.0),
	(10, 13, 1.0),
	(10, 14, 1.0),
	(10, 15, 1.0),
	(10, 16, 0.0),
	(10, 17, 0.5),
	(10, 18, 1.0),
	(11, 1, 1.0),
	(11, 2, 2.0),
	(11, 3, 0.5),
	(11, 4, 1.0),
	(11, 5, 2.0),
	(11, 6, 1.0),
	(11, 7, 1.0),
	(11, 8, 1.0),
	(11, 9, 0.5),
	(11, 10, 1.0),
	(11, 11, 1.0),
	(11, 12, 2.0),
	(11, 13, 2.0),
	(11, 14, 1.0),
	(11, 15, 1.0),
	(11, 16, 1.0),
	(11, 17, 0.5),
	(11, 18, 1.0),
	(12, 1, 1.0),
	(12, 2, 0.5),
	(12, 3, 1.0),
	(12, 4, 0.5),
	(12, 5, 2.0),
	(12, 6, 2.0),
	(12, 7, 1.0),
	(12, 8, 1.0),
	(12, 9, 2.0),
	(12, 10, 1.0),
	(12, 11, 1.0),
	(12, 12, 0.5),
	(12, 13, 1.0),
	(12, 14, 2.0),
	(12, 15, 1.0),
	(12, 16, 1.0),
	(12, 17, 0.5),
	(12, 18, 1.0),
	(13, 1, 1.0),
	(13, 2, 0.5),
	(13, 3, 0.5),
	(13, 4, 1.0),
	(13, 5, 0.5),
	(13, 6, 2.0),
	(13, 7, 0.5),
	(13, 8, 1.0),
	(13, 9, 1.0),
	(13, 10, 2.0),
	(13, 11, 1.0),
	(13, 12, 1.0),
	(13, 13, 1.0),
	(13, 14, 1.0),
	(13, 15, 0.5),
	(13, 16, 2.0),
	(13, 17, 0.5),
	(13, 18, 0.5),
	(14, 1, 1.0),
	(14, 2, 1.0),
	(14, 3, 1.0),
	(14, 4, 1.0),
	(14, 5, 1.0),
	(14, 6, 1.0),
	(14, 7, 1.0),
	(14, 8, 1.0),
	(14, 9, 1.0),
	(14, 10, 1.0),
	(14, 11, 1.0),
	(14, 12, 1.0),
	(14, 13, 1.0),
	(14, 14, 2.0),
	(14, 15, 1.0),
	(14, 16, 1.0),
	(14, 17, 0.5),
	(14, 18, 0.0),
	(15, 1, 0.0),
	(15, 2, 1.0),
	(15, 3, 1.0),
	(15, 4, 1.0),
	(15, 5, 1.0),
	(15, 6, 1.0),
	(15, 7, 1.0),
	(15, 8, 1.0),
	(15, 9, 1.0),
	(15, 10, 2.0),
	(15, 11, 1.0),
	(15, 12, 1.0),
	(15, 13, 1.0),
	(15, 14, 1.0),
	(15, 15, 2.0),
	(15, 16, 0.5),
	(15, 17, 1.0),
	(15, 18, 1.0),
	(16, 1, 1.0),
	(16, 2, 1.0),
	(16, 3, 0.5),
	(16, 4, 1.0),
	(16, 5, 1.0),
	(16, 6, 1.0),
	(16, 7, 1.0),
	(16, 8, 1.0),
	(16, 9, 1.0),
	(16, 10, 2.0),
	(16, 11, 1.0),
	(16, 12, 1.0),
	(16, 13, 1.0),
	(16, 14, 1.0),
	(16, 15, 2.0),
	(16, 16, 0.5),
	(16, 17, 1.0),
	(16, 18, 0.5),
	(17, 1, 1.0),
	(17, 2, 0.5),
	(17, 3, 1.0),
	(17, 4, 0.5),
	(17, 5, 1.0),
	(17, 6, 1.0),
	(17, 7, 1.0),
	(17, 8, 1.0),
	(17, 9, 1.0),
	(17, 10, 1.0),
	(17, 11, 2.0),
	(17, 12, 2.0),
	(17, 13, 1.0),
	(17, 14, 1.0),
	(17, 15, 1.0),
	(17, 16, 1.0),
	(17, 17, 0.5),
	(17, 18, 2.0),
	(18, 1, 1.0),
	(18, 2, 0.5),
	(18, 3, 2.0),
	(18, 4, 1.0),
	(18, 5, 1.0),
	(18, 6, 1.0),
	(18, 7, 0.5),
	(18, 8, 1.0),
	(18, 9, 1.0),
	(18, 10, 1.0),
	(18, 11, 1.0),
	(18, 12, 1.0),
	(18, 13, 1.0),
	(18, 14, 2.0),
	(18, 15, 1.0),
	(18, 16, 2.0),
	(18, 17, 0.5),
	(18, 18, 1.0),
	(19, 1, 1.0),
	(19, 2, 1.0),
	(19, 3, 1.0),
	(19, 4, 1.0),
	(19, 5, 1.0),
	(19, 6, 1.0),
	(19, 7, 1.0),
	(19, 8, 1.0),
	(19, 9, 1.0),
	(19, 10, 1.0),
	(19, 11, 1.0),
	(19, 12, 1.0),
	(19, 13, 1.0),
	(19, 14, 1.0),
	(19, 15, 1.0),
	(19, 16, 1.0),
	(19, 17, 1.0),
	(19, 18, 1.0),
	(19, 19, 1.0),
	(1, 19, 1.0),
	(2, 19, 1.0),
	(3, 19, 1.0),
	(4, 19, 1.0),
	(5, 19, 1.0),
	(6, 19, 1.0),
	(7, 19, 1.0),
	(8, 19, 1.0),
	(9, 19, 1.0),
	(10, 19, 1.0),
	(11, 19, 1.0),
	(12, 19, 1.0),
	(13, 19, 1.0),
	(14, 19, 1.0),
	(15, 19, 1.0),
	(16, 19, 1.0),
	(17, 19, 1.0),
	(18, 19, 1.0);
/*!40000 ALTER TABLE `type_effectiveness` ENABLE KEYS */;

-- Dumping structure for view pokemon.list_pokemon
-- Removing temporary table and create final VIEW structure
DROP TABLE IF EXISTS `list_pokemon`;
CREATE ALGORITHM=UNDEFINED DEFINER=`root`@`localhost` SQL SECURITY DEFINER VIEW `list_pokemon` AS SELECT p.cd_poke "#", p.nm_poke "Name", t1.nm_type "Type1", t2.nm_type "Type2"
FROM pokemon p
LEFT JOIN types t1 ON p.cd_type1 = t1.cd_type
LEFT JOIN types t2 ON p.cd_type2 = t2.cd_type
ORDER BY p.cd_poke ;

/*!40101 SET SQL_MODE=IFNULL(@OLD_SQL_MODE, '') */;
/*!40014 SET FOREIGN_KEY_CHECKS=IF(@OLD_FOREIGN_KEY_CHECKS IS NULL, 1, @OLD_FOREIGN_KEY_CHECKS) */;
/*!40101 SET CHARACTER_SET_CLIENT=@OLD_CHARACTER_SET_CLIENT */;
